circuit_key,circuit_short_name,country_code,country_key,country_name,date_end,date_start,gmt_offset,location,meeting_key,session_key,session_name,session_type,year
63,Sakhir,BRN,36,Bahrain,2023-02-23 16:30:00+00:00,2023-02-23 07:00:00+00:00,03:00:00,Sakhir,1140,9222,Practice 1,Practice,2023
63,Sakhir,BRN,36,Bahrain,2023-02-24 16:30:00+00:00,2023-02-24 07:00:00+00:00,03:00:00,Sakhir,1140,7763,Practice 2,Practice,2023
63,Sakhir,BRN,36,Bahrain,2023-02-25 16:30:00+00:00,2023-02-25 07:00:00+00:00,03:00:00,Sakhir,1140,7764,Practice 3,Practice,2023
63,Sakhir,BRN,36,Bahrain,2023-03-03 12:30:00+00:00,2023-03-03 11:30:00+00:00,03:00:00,Sakhir,1141,7765,Practice 1,Practice,2023
63,Sakhir,BRN,36,Bahrain,2023-03-03 16:00:00+00:00,2023-03-03 15:00:00+00:00,03:00:00,Sakhir,1141,7766,Practice 2,Practice,2023
63,Sakhir,BRN,36,Bahrain,2023-03-04 12:30:00+00:00,2023-03-04 11:30:00+00:00,03:00:00,Sakhir,1141,7767,Practice 3,Practice,2023
63,Sakhir,BRN,36,Bahrain,2023-03-04 16:00:00+00:00,2023-03-04 15:00:00+00:00,03:00:00,Sakhir,1141,7768,Qualifying,Qualifying,2023
63,Sakhir,BRN,36,Bahrain,2023-03-05 17:00:00+00:00,2023-03-05 15:00:00+00:00,03:00:00,Sakhir,1141,7953,Race,Race,2023
149,Jeddah,KSA,153,Saudi Arabia,2023-03-17 14:30:00+00:00,2023-03-17 13:30:00+00:00,03:00:00,Jeddah,1142,7772,Practice 1,Practice,2023
149,Jeddah,KSA,153,Saudi Arabia,2023-03-17 18:00:00+00:00,2023-03-17 17:00:00+00:00,03:00:00,Jeddah,1142,7773,Practice 2,Practice,2023
149,Jeddah,KSA,153,Saudi Arabia,2023-03-18 14:30:00+00:00,2023-03-18 13:30:00+00:00,03:00:00,Jeddah,1142,7774,Practice 3,Practice,2023
149,Jeddah,KSA,153,Saudi Arabia,2023-03-18 18:00:00+00:00,2023-03-18 17:00:00+00:00,03:00:00,Jeddah,1142,7775,Qualifying,Qualifying,2023
149,Jeddah,KSA,153,Saudi Arabia,2023-03-19 19:00:00+00:00,2023-03-19 17:00:00+00:00,03:00:00,Jeddah,1142,7779,Race,Race,2023
10,Melbourne,AUS,5,Australia,2023-03-31 02:30:00+00:00,2023-03-31 01:30:00+00:00,11:00:00,Melbourne,1143,7780,Practice 1,Practice,2023
10,Melbourne,AUS,5,Australia,2023-03-31 06:00:00+00:00,2023-03-31 05:00:00+00:00,11:00:00,Melbourne,1143,7781,Practice 2,Practice,2023
10,Melbourne,AUS,5,Australia,2023-04-01 02:30:00+00:00,2023-04-01 01:30:00+00:00,11:00:00,Melbourne,1143,7782,Practice 3,Practice,2023
10,Melbourne,AUS,5,Australia,2023-04-01 06:00:00+00:00,2023-04-01 05:00:00+00:00,11:00:00,Melbourne,1143,7783,Qualifying,Qualifying,2023
10,Melbourne,AUS,5,Australia,2023-04-02 07:00:00+00:00,2023-04-02 05:00:00+00:00,10:00:00,Melbourne,1143,7787,Race,Race,2023
144,Baku,AZE,30,Azerbaijan,2023-04-28 10:30:00+00:00,2023-04-28 09:30:00+00:00,04:00:00,Baku,1207,9063,Practice 1,Practice,2023
144,Baku,AZE,30,Azerbaijan,2023-04-28 14:00:00+00:00,2023-04-28 13:00:00+00:00,04:00:00,Baku,1207,9064,Qualifying,Qualifying,2023
144,Baku,AZE,30,Azerbaijan,2023-04-29 09:14:00+00:00,2023-04-29 08:30:00+00:00,04:00:00,Baku,1207,9278,Sprint Shootout,Qualifying,2023
144,Baku,AZE,30,Azerbaijan,2023-04-29 14:00:00+00:00,2023-04-29 13:30:00+00:00,04:00:00,Baku,1207,9069,Sprint,Race,2023
144,Baku,AZE,30,Azerbaijan,2023-04-30 13:00:00+00:00,2023-04-30 11:00:00+00:00,04:00:00,Baku,1207,9070,Race,Race,2023
151,Miami,USA,19,United States,2023-05-05 19:00:00+00:00,2023-05-05 18:00:00+00:00,-04:00:00,Miami,1208,9071,Practice 1,Practice,2023
151,Miami,USA,19,United States,2023-05-05 22:30:00+00:00,2023-05-05 21:30:00+00:00,-04:00:00,Miami,1208,9072,Practice 2,Practice,2023
151,Miami,USA,19,United States,2023-05-06 17:30:00+00:00,2023-05-06 16:30:00+00:00,-04:00:00,Miami,1208,9073,Practice 3,Practice,2023
151,Miami,USA,19,United States,2023-05-06 21:00:00+00:00,2023-05-06 20:00:00+00:00,-04:00:00,Miami,1208,9074,Qualifying,Qualifying,2023
151,Miami,USA,19,United States,2023-05-07 21:30:00+00:00,2023-05-07 19:30:00+00:00,-04:00:00,Miami,1208,9078,Race,Race,2023
22,Monte Carlo,MON,114,Monaco,2023-05-26 12:30:00+00:00,2023-05-26 11:30:00+00:00,02:00:00,Monaco,1210,9087,Practice 1,Practice,2023
22,Monte Carlo,MON,114,Monaco,2023-05-26 16:00:00+00:00,2023-05-26 15:00:00+00:00,02:00:00,Monaco,1210,9088,Practice 2,Practice,2023
22,Monte Carlo,MON,114,Monaco,2023-05-27 11:30:00+00:00,2023-05-27 10:30:00+00:00,02:00:00,Monaco,1210,9089,Practice 3,Practice,2023
22,Monte Carlo,MON,114,Monaco,2023-05-27 15:00:00+00:00,2023-05-27 14:00:00+00:00,02:00:00,Monaco,1210,9090,Qualifying,Qualifying,2023
22,Monte Carlo,MON,114,Monaco,2023-05-28 15:00:00+00:00,2023-05-28 13:00:00+00:00,02:00:00,Monaco,1210,9094,Race,Race,2023
15,Catalunya,ESP,1,Spain,2023-06-02 12:30:00+00:00,2023-06-02 11:30:00+00:00,02:00:00,Barcelona,1211,9095,Practice 1,Practice,2023
15,Catalunya,ESP,1,Spain,2023-06-02 16:00:00+00:00,2023-06-02 15:00:00+00:00,02:00:00,Barcelona,1211,9096,Practice 2,Practice,2023
15,Catalunya,ESP,1,Spain,2023-06-03 11:30:00+00:00,2023-06-03 10:30:00+00:00,02:00:00,Barcelona,1211,9097,Practice 3,Practice,2023
15,Catalunya,ESP,1,Spain,2023-06-03 15:00:00+00:00,2023-06-03 14:00:00+00:00,02:00:00,Barcelona,1211,9098,Qualifying,Qualifying,2023
15,Catalunya,ESP,1,Spain,2023-06-04 15:00:00+00:00,2023-06-04 13:00:00+00:00,02:00:00,Barcelona,1211,9102,Race,Race,2023
23,Montreal,CAN,46,Canada,2023-06-16 18:30:00+00:00,2023-06-16 17:30:00+00:00,-04:00:00,Montréal,1212,9103,Practice 1,Practice,2023
23,Montreal,CAN,46,Canada,2023-06-16 22:00:00+00:00,2023-06-16 20:30:00+00:00,-04:00:00,Montréal,1212,9104,Practice 2,Practice,2023
23,Montreal,CAN,46,Canada,2023-06-17 17:30:00+00:00,2023-06-17 16:30:00+00:00,-04:00:00,Montréal,1212,9105,Practice 3,Practice,2023
23,Montreal,CAN,46,Canada,2023-06-17 21:00:00+00:00,2023-06-17 20:00:00+00:00,-04:00:00,Montréal,1212,9106,Qualifying,Qualifying,2023
23,Montreal,CAN,46,Canada,2023-06-18 20:00:00+00:00,2023-06-18 18:00:00+00:00,-04:00:00,Montréal,1212,9110,Race,Race,2023
19,Spielberg,AUT,17,Austria,2023-06-30 16:00:00+00:00,2023-06-30 15:00:00+00:00,02:00:00,Spielberg,1213,9112,Qualifying,Qualifying,2023
19,Spielberg,AUT,17,Austria,2023-07-01 10:44:00+00:00,2023-07-01 10:00:00+00:00,02:00:00,Spielberg,1213,9282,Sprint Shootout,Qualifying,2023
19,Spielberg,AUT,17,Austria,2023-07-01 15:00:00+00:00,2023-07-01 14:30:00+00:00,02:00:00,Spielberg,1213,9117,Sprint,Race,2023
19,Spielberg,AUT,17,Austria,2023-07-02 15:00:00+00:00,2023-07-02 13:00:00+00:00,02:00:00,Spielberg,1213,9118,Race,Race,2023
2,Silverstone,GBR,2,Great Britain,2023-07-07 12:30:00+00:00,2023-07-07 11:30:00+00:00,01:00:00,Silverstone,1214,9119,Practice 1,Practice,2023
2,Silverstone,GBR,2,Great Britain,2023-07-07 16:00:00+00:00,2023-07-07 15:00:00+00:00,01:00:00,Silverstone,1214,9120,Practice 2,Practice,2023
2,Silverstone,GBR,2,Great Britain,2023-07-08 11:30:00+00:00,2023-07-08 10:30:00+00:00,01:00:00,Silverstone,1214,9121,Practice 3,Practice,2023
2,Silverstone,GBR,2,Great Britain,2023-07-08 15:00:00+00:00,2023-07-08 14:00:00+00:00,01:00:00,Silverstone,1214,9122,Qualifying,Qualifying,2023
2,Silverstone,GBR,2,Great Britain,2023-07-09 16:00:00+00:00,2023-07-09 14:00:00+00:00,01:00:00,Silverstone,1214,9126,Race,Race,2023
4,Hungaroring,HUN,14,Hungary,2023-07-21 12:30:00+00:00,2023-07-21 11:30:00+00:00,02:00:00,Budapest,1215,9223,Practice 1,Practice,2023
4,Hungaroring,HUN,14,Hungary,2023-07-21 16:00:00+00:00,2023-07-21 15:00:00+00:00,02:00:00,Budapest,1215,9127,Practice 2,Practice,2023
4,Hungaroring,HUN,14,Hungary,2023-07-22 11:30:00+00:00,2023-07-22 10:30:00+00:00,02:00:00,Budapest,1215,9128,Practice 3,Practice,2023
4,Hungaroring,HUN,14,Hungary,2023-07-22 15:00:00+00:00,2023-07-22 14:00:00+00:00,02:00:00,Budapest,1215,9129,Qualifying,Qualifying,2023
4,Hungaroring,HUN,14,Hungary,2023-07-23 15:00:00+00:00,2023-07-23 13:00:00+00:00,02:00:00,Budapest,1215,9133,Race,Race,2023
7,Spa-Francorchamps,BEL,16,Belgium,2023-07-28 12:30:00+00:00,2023-07-28 11:30:00+00:00,02:00:00,Spa-Francorchamps,1216,9134,Practice 1,Practice,2023
7,Spa-Francorchamps,BEL,16,Belgium,2023-07-28 16:00:00+00:00,2023-07-28 15:00:00+00:00,02:00:00,Spa-Francorchamps,1216,9135,Qualifying,Qualifying,2023
7,Spa-Francorchamps,BEL,16,Belgium,2023-07-29 10:44:00+00:00,2023-07-29 10:00:00+00:00,02:00:00,Spa-Francorchamps,1216,9286,Sprint Shootout,Qualifying,2023
7,Spa-Francorchamps,BEL,16,Belgium,2023-07-29 15:35:00+00:00,2023-07-29 15:05:00+00:00,02:00:00,Spa-Francorchamps,1216,9140,Sprint,Race,2023
7,Spa-Francorchamps,BEL,16,Belgium,2023-07-30 15:00:00+00:00,2023-07-30 13:00:00+00:00,02:00:00,Spa-Francorchamps,1216,9141,Race,Race,2023
55,Zandvoort,NED,133,Netherlands,2023-08-25 11:30:00+00:00,2023-08-25 10:30:00+00:00,02:00:00,Zandvoort,1217,9142,Practice 1,Practice,2023
55,Zandvoort,NED,133,Netherlands,2023-08-25 15:00:00+00:00,2023-08-25 14:00:00+00:00,02:00:00,Zandvoort,1217,9143,Practice 2,Practice,2023
55,Zandvoort,NED,133,Netherlands,2023-08-26 10:30:00+00:00,2023-08-26 09:30:00+00:00,02:00:00,Zandvoort,1217,9144,Practice 3,Practice,2023
55,Zandvoort,NED,133,Netherlands,2023-08-26 14:00:00+00:00,2023-08-26 13:00:00+00:00,02:00:00,Zandvoort,1217,9145,Qualifying,Qualifying,2023
55,Zandvoort,NED,133,Netherlands,2023-08-27 15:00:00+00:00,2023-08-27 13:00:00+00:00,02:00:00,Zandvoort,1217,9149,Race,Race,2023
39,Monza,ITA,13,Italy,2023-09-01 12:30:00+00:00,2023-09-01 11:30:00+00:00,02:00:00,Monza,1218,9150,Practice 1,Practice,2023
39,Monza,ITA,13,Italy,2023-09-01 16:00:00+00:00,2023-09-01 15:00:00+00:00,02:00:00,Monza,1218,9151,Practice 2,Practice,2023
39,Monza,ITA,13,Italy,2023-09-02 11:30:00+00:00,2023-09-02 10:30:00+00:00,02:00:00,Monza,1218,9152,Practice 3,Practice,2023
39,Monza,ITA,13,Italy,2023-09-02 15:00:00+00:00,2023-09-02 14:00:00+00:00,02:00:00,Monza,1218,9153,Qualifying,Qualifying,2023
39,Monza,ITA,13,Italy,2023-09-03 15:00:00+00:00,2023-09-03 13:00:00+00:00,02:00:00,Monza,1218,9157,Race,Race,2023
61,Singapore,SGP,157,Singapore,2023-09-15 10:30:00+00:00,2023-09-15 09:30:00+00:00,08:00:00,Marina Bay,1219,9158,Practice 1,Practice,2023
61,Singapore,SGP,157,Singapore,2023-09-15 14:00:00+00:00,2023-09-15 13:00:00+00:00,08:00:00,Marina Bay,1219,9159,Practice 2,Practice,2023
61,Singapore,SGP,157,Singapore,2023-09-16 10:30:00+00:00,2023-09-16 09:30:00+00:00,08:00:00,Marina Bay,1219,9160,Practice 3,Practice,2023
61,Singapore,SGP,157,Singapore,2023-09-16 14:00:00+00:00,2023-09-16 13:00:00+00:00,08:00:00,Marina Bay,1219,9161,Qualifying,Qualifying,2023
61,Singapore,SGP,157,Singapore,2023-09-17 14:00:00+00:00,2023-09-17 12:00:00+00:00,08:00:00,Marina Bay,1219,9165,Race,Race,2023
46,Suzuka,JPN,4,Japan,2023-09-22 03:30:00+00:00,2023-09-22 02:30:00+00:00,09:00:00,Suzuka,1220,9166,Practice 1,Practice,2023
46,Suzuka,JPN,4,Japan,2023-09-22 07:00:00+00:00,2023-09-22 06:00:00+00:00,09:00:00,Suzuka,1220,9167,Practice 2,Practice,2023
46,Suzuka,JPN,4,Japan,2023-09-23 03:30:00+00:00,2023-09-23 02:30:00+00:00,09:00:00,Suzuka,1220,9168,Practice 3,Practice,2023
46,Suzuka,JPN,4,Japan,2023-09-23 07:00:00+00:00,2023-09-23 06:00:00+00:00,09:00:00,Suzuka,1220,9169,Qualifying,Qualifying,2023
46,Suzuka,JPN,4,Japan,2023-09-24 07:00:00+00:00,2023-09-24 05:00:00+00:00,09:00:00,Suzuka,1220,9173,Race,Race,2023
150,Lusail,QAT,149,Qatar,2023-10-06 14:30:00+00:00,2023-10-06 13:30:00+00:00,03:00:00,Lusail,1221,9214,Practice 1,Practice,2023
150,Lusail,QAT,149,Qatar,2023-10-06 18:00:00+00:00,2023-10-06 17:00:00+00:00,03:00:00,Lusail,1221,9215,Qualifying,Qualifying,2023
150,Lusail,QAT,149,Qatar,2023-10-07 14:04:00+00:00,2023-10-07 13:20:00+00:00,03:00:00,Lusail,1221,9298,Sprint Shootout,Qualifying,2023
150,Lusail,QAT,149,Qatar,2023-10-07 18:30:00+00:00,2023-10-07 17:30:00+00:00,03:00:00,Lusail,1221,9220,Sprint,Race,2023
150,Lusail,QAT,149,Qatar,2023-10-08 19:00:00+00:00,2023-10-08 17:00:00+00:00,03:00:00,Lusail,1221,9221,Race,Race,2023
9,Austin,USA,19,United States,2023-10-20 18:30:00+00:00,2023-10-20 17:30:00+00:00,-05:00:00,Austin,1222,9206,Practice 1,Practice,2023
9,Austin,USA,19,United States,2023-10-20 22:00:00+00:00,2023-10-20 21:00:00+00:00,-05:00:00,Austin,1222,9207,Qualifying,Qualifying,2023
9,Austin,USA,19,United States,2023-10-21 18:14:00+00:00,2023-10-21 17:30:00+00:00,-05:00:00,Austin,1222,9294,Sprint Shootout,Qualifying,2023
9,Austin,USA,19,United States,2023-10-21 23:00:00+00:00,2023-10-21 22:00:00+00:00,-05:00:00,Austin,1222,9212,Sprint,Race,2023
9,Austin,USA,19,United States,2023-10-22 21:00:00+00:00,2023-10-22 19:00:00+00:00,-05:00:00,Austin,1222,9213,Race,Race,2023
65,Mexico City,MEX,8,Mexico,2023-10-27 19:30:00+00:00,2023-10-27 18:30:00+00:00,-06:00:00,Mexico City,1223,9174,Practice 1,Practice,2023
65,Mexico City,MEX,8,Mexico,2023-10-27 23:00:00+00:00,2023-10-27 22:00:00+00:00,-06:00:00,Mexico City,1223,9175,Practice 2,Practice,2023
65,Mexico City,MEX,8,Mexico,2023-10-28 18:30:00+00:00,2023-10-28 17:30:00+00:00,-06:00:00,Mexico City,1223,9176,Practice 3,Practice,2023
65,Mexico City,MEX,8,Mexico,2023-10-28 22:00:00+00:00,2023-10-28 21:00:00+00:00,-06:00:00,Mexico City,1223,9177,Qualifying,Qualifying,2023
65,Mexico City,MEX,8,Mexico,2023-10-29 22:00:00+00:00,2023-10-29 20:00:00+00:00,-06:00:00,Mexico City,1223,9181,Race,Race,2023
14,Interlagos,BRA,10,Brazil,2023-11-03 15:30:00+00:00,2023-11-03 14:30:00+00:00,-03:00:00,São Paulo,1224,9198,Practice 1,Practice,2023
14,Interlagos,BRA,10,Brazil,2023-11-03 19:00:00+00:00,2023-11-03 18:00:00+00:00,-03:00:00,São Paulo,1224,9304,Qualifying,Qualifying,2023
14,Interlagos,BRA,10,Brazil,2023-11-04 14:44:00+00:00,2023-11-04 14:00:00+00:00,-03:00:00,São Paulo,1224,9308,Sprint Shootout,Qualifying,2023
14,Interlagos,BRA,10,Brazil,2023-11-04 19:00:00+00:00,2023-11-04 18:30:00+00:00,-03:00:00,São Paulo,1224,9204,Sprint,Race,2023
14,Interlagos,BRA,10,Brazil,2023-11-05 19:00:00+00:00,2023-11-05 17:00:00+00:00,-03:00:00,São Paulo,1224,9205,Race,Race,2023
152,Las Vegas,USA,19,United States,2023-11-17 05:30:00+00:00,2023-11-17 04:30:00+00:00,-08:00:00,Las Vegas,1225,9182,Practice 1,Practice,2023
152,Las Vegas,USA,19,United States,2023-11-17 11:30:00+00:00,2023-11-17 10:00:00+00:00,-08:00:00,Las Vegas,1225,9183,Practice 2,Practice,2023
152,Las Vegas,USA,19,United States,2023-11-18 05:30:00+00:00,2023-11-18 04:30:00+00:00,-08:00:00,Las Vegas,1225,9184,Practice 3,Practice,2023
152,Las Vegas,USA,19,United States,2023-11-18 09:00:00+00:00,2023-11-18 08:00:00+00:00,-08:00:00,Las Vegas,1225,9314,Qualifying,Qualifying,2023
152,Las Vegas,USA,19,United States,2023-11-19 08:00:00+00:00,2023-11-19 06:00:00+00:00,-08:00:00,Las Vegas,1225,9189,Race,Race,2023
70,Yas Marina Circuit,UAE,21,United Arab Emirates,2023-11-24 10:30:00+00:00,2023-11-24 09:30:00+00:00,04:00:00,Yas Island,1226,9190,Practice 1,Practice,2023
70,Yas Marina Circuit,UAE,21,United Arab Emirates,2023-11-24 14:00:00+00:00,2023-11-24 13:00:00+00:00,04:00:00,Yas Island,1226,9191,Practice 2,Practice,2023
70,Yas Marina Circuit,UAE,21,United Arab Emirates,2023-11-25 11:30:00+00:00,2023-11-25 10:30:00+00:00,04:00:00,Yas Island,1226,9192,Practice 3,Practice,2023
70,Yas Marina Circuit,UAE,21,United Arab Emirates,2023-11-25 15:00:00+00:00,2023-11-25 14:00:00+00:00,04:00:00,Yas Island,1226,9193,Qualifying,Qualifying,2023
70,Yas Marina Circuit,UAE,21,United Arab Emirates,2023-11-26 15:00:00+00:00,2023-11-26 13:00:00+00:00,04:00:00,Yas Island,1226,9197,Race,Race,2023
63,Sakhir,BRN,36,Bahrain,2024-02-29 12:30:00+00:00,2024-02-29 11:30:00+00:00,03:00:00,Sakhir,1229,9465,Practice 1,Practice,2024
63,Sakhir,BRN,36,Bahrain,2024-02-29 16:00:00+00:00,2024-02-29 15:00:00+00:00,03:00:00,Sakhir,1229,9466,Practice 2,Practice,2024
63,Sakhir,BRN,36,Bahrain,2024-03-01 13:30:00+00:00,2024-03-01 12:30:00+00:00,03:00:00,Sakhir,1229,9467,Practice 3,Practice,2024
63,Sakhir,BRN,36,Bahrain,2024-03-01 17:00:00+00:00,2024-03-01 16:00:00+00:00,03:00:00,Sakhir,1229,9468,Qualifying,Qualifying,2024
63,Sakhir,BRN,36,Bahrain,2024-03-02 17:00:00+00:00,2024-03-02 15:00:00+00:00,03:00:00,Sakhir,1229,9472,Race,Race,2024
149,Jeddah,KSA,153,Saudi Arabia,2024-03-07 14:30:00+00:00,2024-03-07 13:30:00+00:00,03:00:00,Jeddah,1230,9473,Practice 1,Practice,2024
149,Jeddah,KSA,153,Saudi Arabia,2024-03-07 18:00:00+00:00,2024-03-07 17:00:00+00:00,03:00:00,Jeddah,1230,9474,Practice 2,Practice,2024
149,Jeddah,KSA,153,Saudi Arabia,2024-03-08 14:30:00+00:00,2024-03-08 13:30:00+00:00,03:00:00,Jeddah,1230,9475,Practice 3,Practice,2024
149,Jeddah,KSA,153,Saudi Arabia,2024-03-08 18:00:00+00:00,2024-03-08 17:00:00+00:00,03:00:00,Jeddah,1230,9476,Qualifying,Qualifying,2024
149,Jeddah,KSA,153,Saudi Arabia,2024-03-09 19:00:00+00:00,2024-03-09 17:00:00+00:00,03:00:00,Jeddah,1230,9480,Race,Race,2024
10,Melbourne,AUS,5,Australia,2024-03-22 02:30:00+00:00,2024-03-22 01:30:00+00:00,11:00:00,Melbourne,1231,9481,Practice 1,Practice,2024
10,Melbourne,AUS,5,Australia,2024-03-22 06:00:00+00:00,2024-03-22 05:00:00+00:00,11:00:00,Melbourne,1231,9482,Practice 2,Practice,2024
10,Melbourne,AUS,5,Australia,2024-03-23 02:30:00+00:00,2024-03-23 01:30:00+00:00,11:00:00,Melbourne,1231,9483,Practice 3,Practice,2024
10,Melbourne,AUS,5,Australia,2024-03-23 06:00:00+00:00,2024-03-23 05:00:00+00:00,11:00:00,Melbourne,1231,9484,Qualifying,Qualifying,2024
10,Melbourne,AUS,5,Australia,2024-03-24 06:00:00+00:00,2024-03-24 04:00:00+00:00,11:00:00,Melbourne,1231,9488,Race,Race,2024
46,Suzuka,JPN,4,Japan,2024-04-05 03:30:00+00:00,2024-04-05 02:30:00+00:00,09:00:00,Suzuka,1232,9489,Practice 1,Practice,2024
46,Suzuka,JPN,4,Japan,2024-04-05 07:00:00+00:00,2024-04-05 06:00:00+00:00,09:00:00,Suzuka,1232,9490,Practice 2,Practice,2024
46,Suzuka,JPN,4,Japan,2024-04-06 03:30:00+00:00,2024-04-06 02:30:00+00:00,09:00:00,Suzuka,1232,9491,Practice 3,Practice,2024
46,Suzuka,JPN,4,Japan,2024-04-06 07:00:00+00:00,2024-04-06 06:00:00+00:00,09:00:00,Suzuka,1232,9492,Qualifying,Qualifying,2024
46,Suzuka,JPN,4,Japan,2024-04-07 07:00:00+00:00,2024-04-07 05:00:00+00:00,09:00:00,Suzuka,1232,9496,Race,Race,2024
49,Shanghai,CHN,53,China,2024-04-19 04:30:00+00:00,2024-04-19 03:30:00+00:00,08:00:00,Shanghai,1233,9663,Practice 1,Practice,2024
49,Shanghai,CHN,53,China,2024-04-19 08:14:00+00:00,2024-04-19 07:30:00+00:00,08:00:00,Shanghai,1233,9668,Sprint Qualifying,Qualifying,2024
49,Shanghai,CHN,53,China,2024-04-20 03:30:00+00:00,2024-04-20 03:00:00+00:00,08:00:00,Shanghai,1233,9672,Sprint,Race,2024
49,Shanghai,CHN,53,China,2024-04-20 08:00:00+00:00,2024-04-20 07:00:00+00:00,08:00:00,Shanghai,1233,9664,Qualifying,Qualifying,2024
49,Shanghai,CHN,53,China,2024-04-21 09:00:00+00:00,2024-04-21 07:00:00+00:00,08:00:00,Shanghai,1233,9673,Race,Race,2024
151,Miami,USA,19,United States,2024-05-03 17:30:00+00:00,2024-05-03 16:30:00+00:00,-04:00:00,Miami,1234,9497,Practice 1,Practice,2024
151,Miami,USA,19,United States,2024-05-03 21:14:00+00:00,2024-05-03 20:30:00+00:00,-04:00:00,Miami,1234,9502,Sprint Qualifying,Qualifying,2024
151,Miami,USA,19,United States,2024-05-04 16:30:00+00:00,2024-05-04 16:00:00+00:00,-04:00:00,Miami,1234,9506,Sprint,Race,2024
151,Miami,USA,19,United States,2024-05-04 21:00:00+00:00,2024-05-04 20:00:00+00:00,-04:00:00,Miami,1234,9498,Qualifying,Qualifying,2024
151,Miami,USA,19,United States,2024-05-05 22:00:00+00:00,2024-05-05 20:00:00+00:00,-04:00:00,Miami,1234,9507,Race,Race,2024
6,Imola,ITA,13,Italy,2024-05-17 12:30:00+00:00,2024-05-17 11:30:00+00:00,02:00:00,Imola,1235,9508,Practice 1,Practice,2024
6,Imola,ITA,13,Italy,2024-05-17 16:00:00+00:00,2024-05-17 15:00:00+00:00,02:00:00,Imola,1235,9509,Practice 2,Practice,2024
6,Imola,ITA,13,Italy,2024-05-18 11:30:00+00:00,2024-05-18 10:30:00+00:00,02:00:00,Imola,1235,9510,Practice 3,Practice,2024
6,Imola,ITA,13,Italy,2024-05-18 15:00:00+00:00,2024-05-18 14:00:00+00:00,02:00:00,Imola,1235,9511,Qualifying,Qualifying,2024
6,Imola,ITA,13,Italy,2024-05-19 15:00:00+00:00,2024-05-19 13:00:00+00:00,02:00:00,Imola,1235,9515,Race,Race,2024
22,Monte Carlo,MON,114,Monaco,2024-05-24 12:30:00+00:00,2024-05-24 11:30:00+00:00,02:00:00,Monaco,1236,9516,Practice 1,Practice,2024
22,Monte Carlo,MON,114,Monaco,2024-05-24 16:00:00+00:00,2024-05-24 15:00:00+00:00,02:00:00,Monaco,1236,9517,Practice 2,Practice,2024
22,Monte Carlo,MON,114,Monaco,2024-05-25 11:30:00+00:00,2024-05-25 10:30:00+00:00,02:00:00,Monaco,1236,9518,Practice 3,Practice,2024
22,Monte Carlo,MON,114,Monaco,2024-05-25 15:00:00+00:00,2024-05-25 14:00:00+00:00,02:00:00,Monaco,1236,9519,Qualifying,Qualifying,2024
22,Monte Carlo,MON,114,Monaco,2024-05-26 15:00:00+00:00,2024-05-26 13:00:00+00:00,02:00:00,Monaco,1236,9523,Race,Race,2024
23,Montreal,CAN,46,Canada,2024-06-07 18:30:00+00:00,2024-06-07 17:30:00+00:00,-04:00:00,Montréal,1237,9524,Practice 1,Practice,2024
23,Montreal,CAN,46,Canada,2024-06-07 22:00:00+00:00,2024-06-07 21:00:00+00:00,-04:00:00,Montréal,1237,9525,Practice 2,Practice,2024
23,Montreal,CAN,46,Canada,2024-06-08 17:30:00+00:00,2024-06-08 16:30:00+00:00,-04:00:00,Montréal,1237,9526,Practice 3,Practice,2024
23,Montreal,CAN,46,Canada,2024-06-08 21:00:00+00:00,2024-06-08 20:00:00+00:00,-04:00:00,Montréal,1237,9527,Qualifying,Qualifying,2024
23,Montreal,CAN,46,Canada,2024-06-09 20:00:00+00:00,2024-06-09 18:00:00+00:00,-04:00:00,Montréal,1237,9531,Race,Race,2024
15,Catalunya,ESP,1,Spain,2024-06-21 12:30:00+00:00,2024-06-21 11:30:00+00:00,02:00:00,Barcelona,1238,9532,Practice 1,Practice,2024
15,Catalunya,ESP,1,Spain,2024-06-21 16:00:00+00:00,2024-06-21 15:00:00+00:00,02:00:00,Barcelona,1238,9533,Practice 2,Practice,2024
15,Catalunya,ESP,1,Spain,2024-06-22 11:30:00+00:00,2024-06-22 10:30:00+00:00,02:00:00,Barcelona,1238,9534,Practice 3,Practice,2024
15,Catalunya,ESP,1,Spain,2024-06-22 15:00:00+00:00,2024-06-22 14:00:00+00:00,02:00:00,Barcelona,1238,9535,Qualifying,Qualifying,2024
15,Catalunya,ESP,1,Spain,2024-06-23 15:00:00+00:00,2024-06-23 13:00:00+00:00,02:00:00,Barcelona,1238,9539,Race,Race,2024
19,Spielberg,AUT,17,Austria,2024-06-28 11:30:00+00:00,2024-06-28 10:30:00+00:00,02:00:00,Spielberg,1239,9540,Practice 1,Practice,2024
19,Spielberg,AUT,17,Austria,2024-06-28 15:14:00+00:00,2024-06-28 14:30:00+00:00,02:00:00,Spielberg,1239,9545,Sprint Qualifying,Qualifying,2024
19,Spielberg,AUT,17,Austria,2024-06-29 10:30:00+00:00,2024-06-29 10:00:00+00:00,02:00:00,Spielberg,1239,9549,Sprint,Race,2024
19,Spielberg,AUT,17,Austria,2024-06-29 15:00:00+00:00,2024-06-29 14:00:00+00:00,02:00:00,Spielberg,1239,9541,Qualifying,Qualifying,2024
19,Spielberg,AUT,17,Austria,2024-06-30 15:00:00+00:00,2024-06-30 13:00:00+00:00,02:00:00,Spielberg,1239,9550,Race,Race,2024
2,Silverstone,GBR,2,Great Britain,2024-07-05 12:30:00+00:00,2024-07-05 11:30:00+00:00,01:00:00,Silverstone,1240,9551,Practice 1,Practice,2024
2,Silverstone,GBR,2,Great Britain,2024-07-05 16:00:00+00:00,2024-07-05 15:00:00+00:00,01:00:00,Silverstone,1240,9552,Practice 2,Practice,2024
2,Silverstone,GBR,2,Great Britain,2024-07-06 11:30:00+00:00,2024-07-06 10:30:00+00:00,01:00:00,Silverstone,1240,9553,Practice 3,Practice,2024
2,Silverstone,GBR,2,Great Britain,2024-07-06 15:00:00+00:00,2024-07-06 14:00:00+00:00,01:00:00,Silverstone,1240,9554,Qualifying,Qualifying,2024
2,Silverstone,GBR,2,Great Britain,2024-07-07 16:00:00+00:00,2024-07-07 14:00:00+00:00,01:00:00,Silverstone,1240,9558,Race,Race,2024
4,Hungaroring,HUN,14,Hungary,2024-07-19 12:30:00+00:00,2024-07-19 11:30:00+00:00,02:00:00,Budapest,1241,9559,Practice 1,Practice,2024
4,Hungaroring,HUN,14,Hungary,2024-07-19 16:00:00+00:00,2024-07-19 15:00:00+00:00,02:00:00,Budapest,1241,9560,Practice 2,Practice,2024
4,Hungaroring,HUN,14,Hungary,2024-07-20 11:30:00+00:00,2024-07-20 10:30:00+00:00,02:00:00,Budapest,1241,9561,Practice 3,Practice,2024
4,Hungaroring,HUN,14,Hungary,2024-07-20 15:00:00+00:00,2024-07-20 14:00:00+00:00,02:00:00,Budapest,1241,9562,Qualifying,Qualifying,2024
4,Hungaroring,HUN,14,Hungary,2024-07-21 15:00:00+00:00,2024-07-21 13:00:00+00:00,02:00:00,Budapest,1241,9566,Race,Race,2024
7,Spa-Francorchamps,BEL,16,Belgium,2024-07-26 12:30:00+00:00,2024-07-26 11:30:00+00:00,02:00:00,Spa-Francorchamps,1242,9567,Practice 1,Practice,2024
7,Spa-Francorchamps,BEL,16,Belgium,2024-07-26 16:00:00+00:00,2024-07-26 15:00:00+00:00,02:00:00,Spa-Francorchamps,1242,9568,Practice 2,Practice,2024
7,Spa-Francorchamps,BEL,16,Belgium,2024-07-27 11:30:00+00:00,2024-07-27 10:30:00+00:00,02:00:00,Spa-Francorchamps,1242,9569,Practice 3,Practice,2024
7,Spa-Francorchamps,BEL,16,Belgium,2024-07-27 15:00:00+00:00,2024-07-27 14:00:00+00:00,02:00:00,Spa-Francorchamps,1242,9570,Qualifying,Qualifying,2024
7,Spa-Francorchamps,BEL,16,Belgium,2024-07-28 15:00:00+00:00,2024-07-28 13:00:00+00:00,02:00:00,Spa-Francorchamps,1242,9574,Race,Race,2024
55,Zandvoort,NED,133,Netherlands,2024-08-23 11:30:00+00:00,2024-08-23 10:30:00+00:00,02:00:00,Zandvoort,1243,9575,Practice 1,Practice,2024
55,Zandvoort,NED,133,Netherlands,2024-08-23 15:00:00+00:00,2024-08-23 14:00:00+00:00,02:00:00,Zandvoort,1243,9576,Practice 2,Practice,2024
55,Zandvoort,NED,133,Netherlands,2024-08-24 10:30:00+00:00,2024-08-24 09:30:00+00:00,02:00:00,Zandvoort,1243,9577,Practice 3,Practice,2024
55,Zandvoort,NED,133,Netherlands,2024-08-24 14:00:00+00:00,2024-08-24 13:00:00+00:00,02:00:00,Zandvoort,1243,9578,Qualifying,Qualifying,2024
55,Zandvoort,NED,133,Netherlands,2024-08-25 15:00:00+00:00,2024-08-25 13:00:00+00:00,02:00:00,Zandvoort,1243,9582,Race,Race,2024
39,Monza,ITA,13,Italy,2024-08-30 12:30:00+00:00,2024-08-30 11:30:00+00:00,02:00:00,Monza,1244,9583,Practice 1,Practice,2024
39,Monza,ITA,13,Italy,2024-08-30 16:00:00+00:00,2024-08-30 15:00:00+00:00,02:00:00,Monza,1244,9584,Practice 2,Practice,2024
39,Monza,ITA,13,Italy,2024-08-31 11:30:00+00:00,2024-08-31 10:30:00+00:00,02:00:00,Monza,1244,9585,Practice 3,Practice,2024
39,Monza,ITA,13,Italy,2024-08-31 15:00:00+00:00,2024-08-31 14:00:00+00:00,02:00:00,Monza,1244,9586,Qualifying,Qualifying,2024
39,Monza,ITA,13,Italy,2024-09-01 15:00:00+00:00,2024-09-01 13:00:00+00:00,02:00:00,Monza,1244,9590,Race,Race,2024
144,Baku,AZE,30,Azerbaijan,2024-09-13 10:30:00+00:00,2024-09-13 09:30:00+00:00,04:00:00,Baku,1245,9591,Practice 1,Practice,2024
144,Baku,AZE,30,Azerbaijan,2024-09-13 14:00:00+00:00,2024-09-13 13:00:00+00:00,04:00:00,Baku,1245,9592,Practice 2,Practice,2024
144,Baku,AZE,30,Azerbaijan,2024-09-14 09:30:00+00:00,2024-09-14 08:30:00+00:00,04:00:00,Baku,1245,9593,Practice 3,Practice,2024
144,Baku,AZE,30,Azerbaijan,2024-09-14 13:00:00+00:00,2024-09-14 12:00:00+00:00,04:00:00,Baku,1245,9594,Qualifying,Qualifying,2024
144,Baku,AZE,30,Azerbaijan,2024-09-15 13:00:00+00:00,2024-09-15 11:00:00+00:00,04:00:00,Baku,1245,9598,Race,Race,2024
61,Singapore,SGP,157,Singapore,2024-09-20 10:30:00+00:00,2024-09-20 09:30:00+00:00,08:00:00,Marina Bay,1246,9599,Practice 1,Practice,2024
61,Singapore,SGP,157,Singapore,2024-09-20 14:00:00+00:00,2024-09-20 13:00:00+00:00,08:00:00,Marina Bay,1246,9600,Practice 2,Practice,2024
61,Singapore,SGP,157,Singapore,2024-09-21 10:30:00+00:00,2024-09-21 09:30:00+00:00,08:00:00,Marina Bay,1246,9601,Practice 3,Practice,2024
61,Singapore,SGP,157,Singapore,2024-09-21 14:00:00+00:00,2024-09-21 13:00:00+00:00,08:00:00,Marina Bay,1246,9602,Qualifying,Qualifying,2024
61,Singapore,SGP,157,Singapore,2024-09-22 14:00:00+00:00,2024-09-22 12:00:00+00:00,08:00:00,Marina Bay,1246,9606,Race,Race,2024
9,Austin,USA,19,United States,2024-10-18 18:30:00+00:00,2024-10-18 17:30:00+00:00,-05:00:00,Austin,1247,9607,Practice 1,Practice,2024
9,Austin,USA,19,United States,2024-10-18 22:14:00+00:00,2024-10-18 21:30:00+00:00,-05:00:00,Austin,1247,9612,Sprint Qualifying,Qualifying,2024
9,Austin,USA,19,United States,2024-10-19 19:00:00+00:00,2024-10-19 18:00:00+00:00,-05:00:00,Austin,1247,9616,Sprint,Race,2024
9,Austin,USA,19,United States,2024-10-19 23:00:00+00:00,2024-10-19 22:00:00+00:00,-05:00:00,Austin,1247,9608,Qualifying,Qualifying,2024
9,Austin,USA,19,United States,2024-10-20 21:00:00+00:00,2024-10-20 19:00:00+00:00,-05:00:00,Austin,1247,9617,Race,Race,2024
65,Mexico City,MEX,8,Mexico,2024-10-25 19:30:00+00:00,2024-10-25 18:30:00+00:00,-06:00:00,Mexico City,1248,9618,Practice 1,Practice,2024
65,Mexico City,MEX,8,Mexico,2024-10-25 23:00:00+00:00,2024-10-25 22:00:00+00:00,-06:00:00,Mexico City,1248,9619,Practice 2,Practice,2024
65,Mexico City,MEX,8,Mexico,2024-10-26 18:30:00+00:00,2024-10-26 17:30:00+00:00,-06:00:00,Mexico City,1248,9620,Practice 3,Practice,2024
65,Mexico City,MEX,8,Mexico,2024-10-26 22:00:00+00:00,2024-10-26 21:00:00+00:00,-06:00:00,Mexico City,1248,9621,Qualifying,Qualifying,2024
65,Mexico City,MEX,8,Mexico,2024-10-27 22:00:00+00:00,2024-10-27 20:00:00+00:00,-06:00:00,Mexico City,1248,9625,Race,Race,2024
14,Interlagos,BRA,10,Brazil,2024-11-01 15:30:00+00:00,2024-11-01 14:30:00+00:00,-03:00:00,São Paulo,1249,9626,Practice 1,Practice,2024
14,Interlagos,BRA,10,Brazil,2024-11-01 19:14:00+00:00,2024-11-01 18:30:00+00:00,-03:00:00,São Paulo,1249,9631,Sprint Qualifying,Qualifying,2024
14,Interlagos,BRA,10,Brazil,2024-11-02 15:00:00+00:00,2024-11-02 14:00:00+00:00,-03:00:00,São Paulo,1249,9635,Sprint,Race,2024
14,Interlagos,BRA,10,Brazil,2024-11-02 19:00:00+00:00,2024-11-02 18:00:00+00:00,-03:00:00,São Paulo,1249,9627,Qualifying,Qualifying,2024
14,Interlagos,BRA,10,Brazil,2024-11-03 17:30:00+00:00,2024-11-03 15:30:00+00:00,-03:00:00,São Paulo,1249,9636,Race,Race,2024
152,Las Vegas,USA,19,United States,2024-11-22 03:30:00+00:00,2024-11-22 02:30:00+00:00,-08:00:00,Las Vegas,1250,9637,Practice 1,Practice,2024
152,Las Vegas,USA,19,United States,2024-11-22 07:00:00+00:00,2024-11-22 06:00:00+00:00,-08:00:00,Las Vegas,1250,9638,Practice 2,Practice,2024
152,Las Vegas,USA,19,United States,2024-11-23 03:30:00+00:00,2024-11-23 02:30:00+00:00,-08:00:00,Las Vegas,1250,9639,Practice 3,Practice,2024
152,Las Vegas,USA,19,United States,2024-11-23 07:00:00+00:00,2024-11-23 06:00:00+00:00,-08:00:00,Las Vegas,1250,9640,Qualifying,Qualifying,2024
152,Las Vegas,USA,19,United States,2024-11-24 08:00:00+00:00,2024-11-24 06:00:00+00:00,-08:00:00,Las Vegas,1250,9644,Race,Race,2024
150,Lusail,QAT,149,Qatar,2024-11-29 14:30:00+00:00,2024-11-29 13:30:00+00:00,03:00:00,Lusail,1251,9645,Practice 1,Practice,2024
150,Lusail,QAT,149,Qatar,2024-11-29 18:14:00+00:00,2024-11-29 17:30:00+00:00,03:00:00,Lusail,1251,9650,Sprint Qualifying,Qualifying,2024
150,Lusail,QAT,149,Qatar,2024-11-30 15:00:00+00:00,2024-11-30 14:00:00+00:00,03:00:00,Lusail,1251,9654,Sprint,Race,2024
150,Lusail,QAT,149,Qatar,2024-11-30 19:00:00+00:00,2024-11-30 18:00:00+00:00,03:00:00,Lusail,1251,9646,Qualifying,Qualifying,2024
150,Lusail,QAT,149,Qatar,2024-12-01 18:00:00+00:00,2024-12-01 16:00:00+00:00,03:00:00,Lusail,1251,9655,Race,Race,2024
70,Yas Marina Circuit,UAE,21,United Arab Emirates,2024-12-06 10:30:00+00:00,2024-12-06 09:30:00+00:00,04:00:00,Yas Island,1252,9461,Practice 1,Practice,2024
70,Yas Marina Circuit,UAE,21,United Arab Emirates,2024-12-06 14:00:00+00:00,2024-12-06 13:00:00+00:00,04:00:00,Yas Island,1252,9656,Practice 2,Practice,2024
70,Yas Marina Circuit,UAE,21,United Arab Emirates,2024-12-07 11:30:00+00:00,2024-12-07 10:30:00+00:00,04:00:00,Yas Island,1252,9657,Practice 3,Practice,2024
70,Yas Marina Circuit,UAE,21,United Arab Emirates,2024-12-07 15:00:00+00:00,2024-12-07 14:00:00+00:00,04:00:00,Yas Island,1252,9658,Qualifying,Qualifying,2024
70,Yas Marina Circuit,UAE,21,United Arab Emirates,2024-12-08 15:00:00+00:00,2024-12-08 13:00:00+00:00,04:00:00,Yas Island,1252,9662,Race,Race,2024
63,Sakhir,BRN,36,Bahrain,2025-02-26 16:00:00+00:00,2025-02-26 07:00:00+00:00,03:00:00,Sakhir,1253,9683,Day 1,Practice,2025
63,Sakhir,BRN,36,Bahrain,2025-02-27 16:00:00+00:00,2025-02-27 07:00:00+00:00,03:00:00,Sakhir,1253,9684,Day 2,Practice,2025
63,Sakhir,BRN,36,Bahrain,2025-02-28 16:00:00+00:00,2025-02-28 07:00:00+00:00,03:00:00,Sakhir,1253,9685,Day 3,Practice,2025
10,Melbourne,AUS,5,Australia,2025-03-14 02:30:00+00:00,2025-03-14 01:30:00+00:00,11:00:00,Melbourne,1254,9686,Practice 1,Practice,2025
10,Melbourne,AUS,5,Australia,2025-03-14 06:00:00+00:00,2025-03-14 05:00:00+00:00,11:00:00,Melbourne,1254,9687,Practice 2,Practice,2025
10,Melbourne,AUS,5,Australia,2025-03-15 02:30:00+00:00,2025-03-15 01:30:00+00:00,11:00:00,Melbourne,1254,9688,Practice 3,Practice,2025
10,Melbourne,AUS,5,Australia,2025-03-15 06:00:00+00:00,2025-03-15 05:00:00+00:00,11:00:00,Melbourne,1254,9689,Qualifying,Qualifying,2025
10,Melbourne,AUS,5,Australia,2025-03-16 06:00:00+00:00,2025-03-16 04:00:00+00:00,11:00:00,Melbourne,1254,9693,Race,Race,2025
49,Shanghai,CHN,53,China,2025-03-21 04:30:00+00:00,2025-03-21 03:30:00+00:00,08:00:00,Shanghai,1255,9988,Practice 1,Practice,2025
49,Shanghai,CHN,53,China,2025-03-21 08:14:00+00:00,2025-03-21 07:30:00+00:00,08:00:00,Shanghai,1255,9989,Sprint Qualifying,Qualifying,2025
49,Shanghai,CHN,53,China,2025-03-22 04:00:00+00:00,2025-03-22 03:00:00+00:00,08:00:00,Shanghai,1255,9993,Sprint,Race,2025
49,Shanghai,CHN,53,China,2025-03-22 08:00:00+00:00,2025-03-22 07:00:00+00:00,08:00:00,Shanghai,1255,9994,Qualifying,Qualifying,2025
49,Shanghai,CHN,53,China,2025-03-23 09:00:00+00:00,2025-03-23 07:00:00+00:00,08:00:00,Shanghai,1255,9998,Race,Race,2025
46,Suzuka,JPN,4,Japan,2025-04-04 03:30:00+00:00,2025-04-04 02:30:00+00:00,09:00:00,Suzuka,1256,9999,Practice 1,Practice,2025
46,Suzuka,JPN,4,Japan,2025-04-04 07:00:00+00:00,2025-04-04 06:00:00+00:00,09:00:00,Suzuka,1256,10000,Practice 2,Practice,2025
46,Suzuka,JPN,4,Japan,2025-04-05 03:30:00+00:00,2025-04-05 02:30:00+00:00,09:00:00,Suzuka,1256,10001,Practice 3,Practice,2025
46,Suzuka,JPN,4,Japan,2025-04-05 07:00:00+00:00,2025-04-05 06:00:00+00:00,09:00:00,Suzuka,1256,10002,Qualifying,Qualifying,2025
46,Suzuka,JPN,4,Japan,2025-04-06 07:00:00+00:00,2025-04-06 05:00:00+00:00,09:00:00,Suzuka,1256,10006,Race,Race,2025
63,Sakhir,BRN,36,Bahrain,2025-04-11 12:30:00+00:00,2025-04-11 11:30:00+00:00,03:00:00,Sakhir,1257,10007,Practice 1,Practice,2025
63,Sakhir,BRN,36,Bahrain,2025-04-11 16:00:00+00:00,2025-04-11 15:00:00+00:00,03:00:00,Sakhir,1257,10008,Practice 2,Practice,2025
63,Sakhir,BRN,36,Bahrain,2025-04-12 13:30:00+00:00,2025-04-12 12:30:00+00:00,03:00:00,Sakhir,1257,10009,Practice 3,Practice,2025
63,Sakhir,BRN,36,Bahrain,2025-04-12 17:00:00+00:00,2025-04-12 16:00:00+00:00,03:00:00,Sakhir,1257,10010,Qualifying,Qualifying,2025
63,Sakhir,BRN,36,Bahrain,2025-04-13 17:00:00+00:00,2025-04-13 15:00:00+00:00,03:00:00,Sakhir,1257,10014,Race,Race,2025
